Player,Ft.,In.,PlayerID
Sean Hjelle,6,11,hjellse01
Bailey Ober,6,9,oberba01
Tyler Glasnow,6,8,glasnty01
Bryan Hudson,6,8,hudsobr01
Evan Kravetz,6,8,kraveev01
Luke Little,6,8,littllu01
Chris Martin,6,8,martich02
Trevor Megill,6,8,megiltr01
Jack Neely,6,8,neelyja01
Sean Reynolds,6,8,reynose01
Chris Roycroft,6,8,roycrch01
Jackson Rutledge,6,8,rutleja01
Tyler Wells,6,8,wellsty01
Joe Boyle,6,7,boylejo01
Miguel Castro,6,7,castrmi01
Steven Cruz,6,7,cruzst01
Gavin Hollowell,6,7,holloga01
Jack Kochanowicz,6,7,kochaja01
James McArthur,6,7,mcartja01
Tylor Megill,6,7,megilty01
Kyle Muller,6,7,mulleky01
Michael Petersen,6,7,petermi01
A.J. Puk,6,7,pukaj01
Orlando Ribalta,6,7,ribalor01
Michael Tonkin,6,7,tonkimi01
Forrest Whitley,6,7,whitlfo01
Trey Wingenter,6,7,wingetr01
Shaun Anderson,6,6,andersh01
Bryan Baker,6,6,bakerbr01
Scott Blewett,6,6,blewesc01
Jonathan Bowlan,6,6,bowlajo01
Connor Brogdon,6,6,brogdco01
Ben Brown,6,6,brownbe02
Sean Burke,6,6,burkese01
Ky Bush,6,6,bushky01
Jonathan Cannon,6,6,cannojo02
Cooper Criswell,6,6,criswco01
Garrett Crochet,6,6,crochga01
Zach Eflin,6,6,eflinza01
Carlos Estévez,6,6,estevca01
Pete Fairbanks,6,6,fairbpe01
David Festa,6,6,festada01
Hunter Gaddis,6,6,gaddihu01
Kyle Gibson,6,6,gibsoky01
Logan Gilbert,6,6,gilbelo01
Brent Headrick,6,6,headrbr01
David Hensley,6,6,henslda01
Sam Hentges,6,6,hentgsa01
Tim Herrin,6,6,herriti01
Bryan Hoeing,6,6,hoeinbr01
Grant Holman,6,6,holmagr01
Brant Hurter,6,6,hurtebr01
Jake Irvin,6,6,irvinja01
Nick Lodolo,6,6,lodolni01
Daniel Lynch IV,6,6,lynchda02
Matt Manning,6,6,mannima02
Alek Manoah,6,6,manoaal01
Jordan Montgomery,6,6,montgjo01
Tommy Nance,6,6,nanceto01
Nate Pearson,6,6,pearsna01
David Peterson,6,6,peterda01
Nick Robertson,6,6,roberni01
Chris Sale,6,6,salech01
Paul Skenes,6,6,skenepa01
Michael Wacha,6,6,wachami01
Jacob Waguespack,6,6,wagueja01
Josh Walker,6,6,walkejo03
Gavin Williams,6,6,williga01
Brandon Williamson,6,6,willibr02
Yency Almonte,6,5,almonye01
Chris Bassitt,6,5,bassich01
Spencer Bivens,6,5,bivensp01
Raymond Burgos,6,5,burgora01
Edward Cabrera,6,5,cabreed02
Dylan Coleman,6,5,colemdy01
John Curtiss,6,5,curtijo02
Yu Darvish,6,5,darviyu01
Jhoan Durán,6,5,duranjh01
Alex Faedo,6,5,faedoal01
Bowden Francis,6,5,francbo01
Amir Garrett,6,5,garream01
Austin Gomber,6,5,gombeau01
Tanner Gordon,6,5,gordota01
Hunter Greene,6,5,greenhu01
Brenan Hanifee,6,5,hanifbr01
Geoff Hartlieb,6,5,hartlge01
Grant Hartwig,6,5,hartwgr01
Rich Hill,6,5,hillri01
Jeff Hoffman,6,5,hoffmje02
Clay Holmes,6,5,holmecl01
Tanner Houck,6,5,houckta01
Dakota Hudson,6,5,hudsoda02
Kenley Jansen,6,5,janseke01
Ben Joyce,6,5,joycebe01
Brad Keller,6,5,kellebr01
Will Klein,6,5,kleinwi01
Adam Kloffenstein,6,5,kloffad01
Jared Koenig,6,5,koenija01
Joel Kuhnel,6,5,kuhnejo01
Joe La Sorsa,6,5,lasorjo01
Kyle Leahy,6,5,leahyky01
Ryan Loutos,6,5,loutory01
Joey Lucchesi,6,5,lucchjo01
Jordan Lyles,6,5,lylesjo01
Lance Lynn,6,5,lynnla01
Sean Manaea,6,5,manaese01
Zebby Matthews,6,5,matthze01
Triston McKenzie,6,5,mckentr01
Tyson Miller,6,5,millety01
Mason Miller,6,5,millema03
Bobby Miller,6,5,millebo06
Erik Miller,6,5,milleer01
Charlie Morton,6,5,mortoch02
Joe Musgrove,6,5,musgrjo01
Sean Newcomb,6,5,newcose01
Jack O'Loughlin,6,5,olougja01
Adam Ottavino,6,5,ottavad01
Chris Paddack,6,5,paddach01
Wes Parsons,6,5,parsowe01
Elvis Peguero,6,5,pegueel01
Tyler Phillips,6,5,phillty01
Riley Pint,6,5,pintri01
Nick Pivetta,6,5,pivetni01
Colin Rea,6,5,reaco01
Kumar Rocker,6,5,rockeku01
Grayson Rodriguez,6,5,rodrigr01
Trevor Rogers,6,5,rogertr01
Jordan Romano,6,5,romanjo03
Brady Singer,6,5,singebr01
Cade Smith,6,5,smithca06
Will Smith,6,5,smithwi04
Michael Soroka,6,5,sorokmi01
Jameson Taillon,6,5,taillja01
Ryan Thompson,6,5,thompry02
Blake Treinen,6,5,treinbl01
Anthony Veneziano,6,5,venezan01
Justin Verlander,6,5,verlaju01
Blake Walston,6,5,walstbl01
Joey Wentz,6,5,wentzjo01
Garrett Whitlock,6,5,whitlga01
Josh Winder,6,5,windejo01
Ryan Yarbrough,6,5,yarbrry01
Ryan Zeferjahn,6,5,zeferry01
Guillo Zuñiga,6,5,zuniggu01
Nick Anderson,6,4,anderni01
Tejay Antone,6,4,antonte01
Nick Avila,6,4,avilani01
Matt Barnes,6,4,barnema01
Mike Baumann,6,4,baumami01
Tristan Beck,6,4,becktr01
Anthony Bender,6,4,bendean01
Brennan Bernardino,6,4,bernabr01
Phil Bickford,6,4,bickfph01
Hayden Birdsong,6,4,birdsha01
Ryan Borucki,6,4,borucry01
Cody Bradford,6,4,bradfco01
Colten Brewer,6,4,breweco01
Aaron Brooks,6,4,brookaa01
Brock Burke,6,4,burkebr01
Ryan Burr,6,4,burrry01
Isaiah Campbell,6,4,campbis01
Yennier Cano,6,4,canoye01
Joey Cantillo,6,4,cantijo01
Carlos Carrasco,6,4,carraca01
Slade Cecconi,6,4,ceccosl01
Aroldis Chapman,6,4,chapmar01
Mike Clevinger,6,4,clevimi01
Gerrit Cole,6,4,colege01
Patrick Corbin,6,4,corbipa01
Jake Cousins,6,4,cousija01
Jeff Criswell,6,4,criswje01
Declan Cronin,6,4,cronide01
Hans Crouse,6,4,crousha01
Caden Dana,6,4,danaca01
Austin Davis,6,4,davisau01
Jacob deGrom,6,4,degroja01
Jake Diekman,6,4,diekmja01
Dane Dunning,6,4,dunnida01
Jake Eder,6,4,ederja01
Fraser Ellard,6,4,ellarfr01
Kent Emanuel,6,4,emanuke01
Mason Englert,6,4,englema01
Bailey Falter,6,4,falteba01
Buck Farmer,6,4,farmebu01
Erick Fedde,6,4,feddeer01
Brady Feigl,6,4,feiglbr01
Ryan Feltner,6,4,feltnry01
Tyler Ferguson,6,4,ferguty01
Jack Flaherty,6,4,flaheja01
Jason Foley,6,4,foleyja01
Kyle Freeland,6,4,freelky01
Max Fried,6,4,friedma01
Kody Funderburk,6,4,fundeko01
Robert Garcia,6,4,garciro04
Kevin Ginkel,6,4,ginkeke01
Gordon Graceffo,6,4,gracego01
Jon Gray,6,4,grayjo02
Emerson Hancock,6,4,hancoem01
Edgardo Henriquez,6,4,henried01
Carlos Hernández,6,4,hernaca04
Jaden Hill,6,4,hillja01
Tim Hill,6,4,hillti01
Porter Hodge,6,4,hodgepo01
Colin Holderman,6,4,holdeco01
Cole Irvin,6,4,irvinco01
Joe Jacques,6,4,jacqujo01
Evan Justice,6,4,justiev01
Michael Kelly,6,4,kellymi03
Clayton Kershaw,6,4,kershcl01
Caleb Kilian,6,4,kiliaca01
Tyler Kinley,6,4,kinlety01
George Kirby,6,4,kirbyge01
Matt Krook,6,4,krookma01
Brandon Leibrandt,6,4,leibrbr01
Matthew Liberatore,6,4,liberma01
Zack Littell,6,4,litteza01
Ben Lively,6,4,livelbe01
Jacob Lopez,6,4,lopezja04
Pablo López,6,4,lopezpa01
Easton Lucas,6,4,lucasea01
Seth Lugo,6,4,lugose01
Anthony Maldonado,6,4,maldoan01
Joe Mantiply,6,4,mantijo01
Michael McGreevy,6,4,mcgremi01
John Means,6,4,meansjo01
James Meeker,6,4,meekeja01
Michael Mercado,6,4,mercami01
Julian Merryweather,6,4,merryju01
Miles Mikolas,6,4,mikolmi01
Kyle Nicolas,6,4,nicolky01
Riley O'Brien,6,4,obrieri01
Adam Oller,6,4,ollerad01
Kaleb Ort,6,4,ortka01
Eric Orze,6,4,orzeer01
Michel Otañez,6,4,otanemi01
Mitchell Parker,6,4,parkemi01
James Paxton,6,4,paxtoja01
Brandon Pfaadt,6,4,pfaadbr01
Zach Pop,6,4,popza01
Cole Ragans,6,4,raganco01
Yohan Ramírez,6,4,ramiryo01
Nick Ramirez,6,4,ramirni01
Daniel Robert,6,4,roberda11
Joe Ross,6,4,rossjo01
Erik Sabrowski,6,4,sabroer01
Bryan Sammons,6,4,sammobr01
Miguel Sanó,6,4,sanomi01
Tayler Saucedo,6,4,sauceta01
Matt Sauer,6,4,sauerma01
Christian Scott,6,4,scottch01
Chasen Shreve,6,4,shrevch01
Justin Slaten,6,4,slateju01
Burch Smith,6,4,smithbu03
Blake Snell,6,4,snellbl01
Collin Snider,6,4,snideco01
Ryne Stanek,6,4,stanery01
Hunter Stratton,6,4,strathu01
Wander Suero,6,4,suerowa01
Brent Suter,6,4,suterbr01
Rowdy Tellez,6,4,tellero01
Kai-Wei Teng,6,4,tengka01
Drew Thorpe,6,4,thorpdr01
Jesús Tinoco,6,4,tinocje01
Justin Topa,6,4,topaju01
Eli Villalobos,6,4,villael02
Taijuan Walker,6,4,walketa01
Matt Wallner,6,4,wallnma01
Andrew Walters,6,4,waltean01
Andrew Wantz,6,4,wantzan01
Jordan Weems,6,4,weemsjo01
Zack Wheeler,6,4,wheelza01
Amos Willingham,6,4,william01
Josh Winckowski,6,4,winckjo01
Keaton Winn,6,4,winnke01
Alex Wood,6,4,woodal02
Jake Woodford,6,4,woodfja01
Jason Adam,6,3,adamja01
Austin Adams,6,3,adamsau02
Julian Aguiar,6,3,aguiaju01
Jorge Alcalá,6,3,alcaljo01
Logan Allen,6,3,allenlo01
Justin Anderson,6,3,anderju01
Scott Barlow,6,3,barlosc01
Osvaldo Bido,6,3,bidoos01
Shane Bieber,6,3,biebesh01
Jake Bird,6,3,birdja01
Mason Black,6,3,blackma01
Ronel Blanco,6,3,blancro01
Jake Bloss,6,3,blossja01
Cam Booser,6,3,booseca01
Caleb Boushley,6,3,boushca01
Matthew Boyd,6,3,boydma01
Kyle Bradish,6,3,bradiky01
Huascar Brazobán,6,3,brazohu01
Beau Brieske,6,3,briesbe01
Kris Bubic,6,3,bubickr01
David Buchanan,6,3,buchada01
Aaron Bummer,6,3,bummeaa01
Nick Burdi,6,3,burdini01
Corbin Burnes,6,3,burneco01
Diego Castillo,6,3,castidi01
JT Chargois,6,3,chargjt01
Marc Church,6,3,churcma01
Adam Cimber,6,3,cimbead01
José Cisnero,6,3,cisnejo01
Alex Cobb,6,3,cobbal01
José Cuas,6,3,cuasjo01
Enyel De Los Santos,6,3,delosen01
Chris Devenski,6,3,devench02
Edwin Díaz,6,3,diazed04
Tyler Duffey,6,3,duffety01
Carl Edwards Jr.,6,3,edwarca01
Caleb Ferguson,6,3,ferguca01
Richard Fitts,6,3,fittsri01
Chris Flexen,6,3,flexech01
Luis Frías,6,3,friaslu01
Ian Gibaut,6,3,gibauia01
Tyler Gilbert,6,3,gilbety01
Yoendrys Gómez,6,3,gomezyo01
Chad Green,6,3,greench03
Michael Grove,6,3,grovemi01
Josh Hader,6,3,haderjo01
Hogan Harris,6,3,harriho03
Hunter Harvey,6,3,harvehu01
Jonathan Heasley,6,3,heasljo01
Ben Heller,6,3,hellebe01
Kyle Hendricks,6,3,hendrky01
Blair Henley,6,3,henlebl01
Tommy Henry,6,3,henryto01
Jimmy Herget,6,3,hergeji01
Jonathan Hernández,6,3,hernajo02
Jose Hernandez,6,3,hernajo03
Adrian Houser,6,3,housead01
Spencer Howard,6,3,howarsp01
Daniel Hudson,6,3,hudsoda01
Kyle Hurt,6,3,hurtky01
Alek Jacob,6,3,jacobal01
Joe Jiménez,6,3,jimenjo02
Jakob Junis,6,3,junisja01
Mitch Keller,6,3,kellemi03
Casey Kelly,6,3,kellyca01
Zack Kelly,6,3,kellyza01
Ray Kerr,6,3,kerrra01
Michael King,6,3,kingmi01
Matt Koch,6,3,kochma01
Stephen Kolek,6,3,kolekst01
Michael Kopech,6,3,kopecmi01
Chad Kuhl,6,3,kuhlch01
Dinelson Lamet,6,3,lametdi01
Alex Lange,6,3,langeal01
Derek Law,6,3,lawde01
Justin Lawrence,6,3,lawreju01
Jordan Leasure,6,3,leasujo01
Dylan Lee,6,3,leedy01
Jorge López,6,3,lopezjo02
Michael Lorenzen,6,3,lorenmi01
Josh Maciejewski,6,3,maciejo01
Ty Madden,6,3,maddety01
Tyler Mahle,6,3,mahlety01
Luke Maile,6,3,mailelu01
José Marte,6,3,martejo01
Justin Martínez,6,3,martiju01
Tyler Matzek,6,3,matzety01
Tim Mayza,6,3,mayzati01
James McCann,6,3,mccanja02
Chayce McDermott,6,3,mcderch01
T.J. McFarland,6,3,mcfartj01
John McMillon,6,3,mcmiljo01
Shelby Miller,6,3,millesh01
Hoby Milner,6,3,milneho01
Casey Mize,6,3,mizeca01
Matt Moore,6,3,moorema02
Andrew Nardi,6,3,nardian01
Nick Nastrini,6,3,nastrni01
Ryne Nelson,6,3,nelsory01
Luis Ortiz,6,3,ortizlu02
Ryan Pepiot,6,3,pepiory01
Zach Plesac,6,3,plesaza01
Colin Poche,6,3,pocheco01
Cade Povich,6,3,povicca01
Quinn Priester,6,3,priesqu01
Cal Quantrill,6,3,quantca01
Brooks Raley,6,3,raleybr01
Sean Reid-Foley,6,3,reidfse01
Taylor Rogers,6,3,rogerta01
Tyler Rogers,6,3,rogerty01
Josh Rogers,6,3,rogerjo01
Andrew Saalfrank,6,3,saalfan01
Patrick Sandoval,6,3,sandopa02
Cole Sands,6,3,sandsco01
Tony Santillan,6,3,santito01
Josh Sborz,6,3,sborzjo01
Max Scherzer,6,3,scherma01
Tayler Scott,6,3,scottta02
Paul Sewald,6,3,sewalpa01
Jared Shuster,6,3,shustja01
Tarik Skubal,6,3,skubata01
AJ Smith-Shawver,6,3,smithaj01
José Soriano,6,3,soriajo02
Alex Speas,6,3,speasal01
Carson Spiers,6,3,spierca01
Jeffrey Springs,6,3,sprinje01
Josh Staumont,6,3,staumjo01
Brock Stewart,6,3,stewabr01
Hunter Strickland,6,3,strichu01
Albert Suárez,6,3,suareal01
Erik Swanson,6,3,swanser01
Touki Toussaint,6,3,toussto01
Cole Tucker,6,3,tuckeco01
Spencer Turnbull,6,3,turnbsp01
Abner Uribe,6,3,uribeab01
Ricky Vanasco,6,3,vanasri01
Nick Vespi,6,3,vespini01
Thyago Vieira,6,3,vieirth01
Hayden Wesneski,6,3,wesneha01
Mitch White,6,3,whitemi03
Owen White,6,3,whiteow01
Jordan Wicks,6,3,wicksjo01
Trevor Williams,6,3,willitr01
Steven Wilson,6,3,wilsost02
Simeon Woods Richardson,6,3,woodssi01
Alex Young,6,3,youngal01
Danny Young,6,3,youngda02
Rob Zastryzny,6,3,zastrro01
Joan Adon,6,2,adonjo01
Tyler Alexander,6,2,alexaty01
Scott Alexander,6,2,alexasc02
José Alvarado,6,2,alvarjo03
Tyler Anderson,6,2,anderty01
Matt Andriese,6,2,andrima01
Shawn Armstrong,6,2,armstsh01
Spencer Arrighetti,6,2,arrigsp01
Graham Ashcraft,6,2,ashcrgr01
Lake Bachar,6,2,bachala01
Anthony Banda,6,2,bandaan01
Jacob Barnes,6,2,barneja01
Brady Basso,6,2,bassobr01
Shane Baz,6,2,bazsh01
Tyler Beede,6,2,beedety01
Clayton Beeter,6,2,beetecl01
Jonathan Bermúdez,6,2,bermujo01
Tanner Bibee,6,2,bibeeta01
Brandon Bielak,6,2,bielabr01
Bradley Blalock,6,2,blalobr01
Cody Bolton,6,2,boltoco01
Taj Bradley,6,2,bradlta01
Jhony Brito,6,2,britojh01
Hunter Brown,6,2,brownhu01
Justin Bruihl,6,2,bruihju01
Zach Brzykcy,6,2,brzykza01
Walker Buehler,6,2,buehlwa01
Génesis Cabrera,6,2,cabrege01
Griffin Canning,6,2,cannigr01
Matt Carasiti,6,2,carasma01
Ben Casparius,6,2,caspabe01
Luis Castillo,6,2,castilu02
Dylan Cease,6,2,ceasedy01
Andrew Chafin,6,2,chafian01
Yonny Chirinos,6,2,chiriyo01
Angel Chivilli,6,2,chivian01
Aaron Civale,6,2,civalaa01
Emmanuel Clase,6,2,claseem01
Tom Cosgrove,6,2,cosgrto01
Fernando Cruz,6,2,cruzfe01
Tucker Davidson,6,2,davidtu01
Noah Davis,6,2,davisno01
Brett de Geus,6,2,degeubr01
Reid Detmers,6,2,detmere01
Alexis Díaz,6,2,diazal03
Dylan Dodd,6,2,dodddy01
Camilo Doval,6,2,dovalca01
Scott Effross,6,2,effrosc01
Brandon Eisert,6,2,eiserbr01
Bryce Elder,6,2,elderbr01
Nathan Eovaldi,6,2,eovalna01
Lucas Erceg,6,2,erceglu01
Joey Estes,6,2,estesjo01
J.P. Feyereisen,6,2,feyerjo01
Kyle Finnegan,6,2,finneky01
Josh Fleming,6,2,flemijo01
Dylan Floro,6,2,florody01
Giovanny Gallegos,6,2,gallegi01
Zac Gallen,6,2,galleza01
Luis García,6,2,garcilu03
Reed Garrett,6,2,garrere01
Braxton Garrett,6,2,garrebr01
Kevin Gausman,6,2,gausmke01
Domingo Germán,6,2,germado01
Luis Gil,6,2,gillu01
Logan Gillaspie,6,2,gillalo01
J.T. Ginn,6,2,ginnjt01
MacKenzie Gore,6,2,gorema01
DL Hall,6,2,halldl01
Seth Halvorsen,6,2,halvose01
Kyle Harrison,6,2,harriky01
Andrew Heaney,6,2,heanean01
Ryan Helsley,6,2,helslry01
DJ Herz,6,2,herzdj01
Jordan Hicks,6,2,hicksjo03
Tyler Holton,6,2,holtoty01
Brent Honeywell Jr.,6,2,honeybr01
Bailey Horn,6,2,hornba01
Brandon Hughes,6,2,hughebr01
Raisel Iglesias,6,2,iglesra01
Jairo Iriarte,6,2,iriarja01
Luke Jackson,6,2,jackslu01
Bryce Jarvis,6,2,jarvibr01
Griffin Jax,6,2,jaxgr01
Jackson Jobe,6,2,jobeja01
Pierce Johnson,6,2,johnspi01
Janson Junk,6,2,junkja01
Merrill Kelly,6,2,kellyme01
Kevin Kelly,6,2,kellyke02
Orion Kerkering,6,2,kerkeor01
Dallas Keuchel,6,2,keuchda01
John King,6,2,kingjo01
Landon Knack,6,2,knackla01
Dean Kremer,6,2,kremede01
Peter Lambert,6,2,lambepe01
Jacob Latz,6,2,latzja01
Casey Legumina,6,2,legumca01
Brendon Little,6,2,littlbr02
Rhett Lowder,6,2,lowderh01
Ron Marinaccio,6,2,marinro01
Alec Marsh,6,2,marshal01
Yunior Marté,6,2,marteyu01
Seth Martinez,6,2,martise01
Davis Martin,6,2,martida03
Phil Maton,6,2,matonph01
Isaac Mattson,6,2,mattsis01
Steven Matz,6,2,matzst01
Adam Mazur,6,2,mazurad01
Trevor McDonald,6,2,mcdontr01
Nick Mears,6,2,mearsni01
Víctor Mederos,6,2,medervi01
Cristian Mena,6,2,menacr01
Matt Mervis,6,2,mervima01
Bryce Miller,6,2,millebr04
Carmen Mlodzinski,6,2,mlodzca01
Frankie Montas,6,2,montafr02
Mason Montgomery,6,2,montgma01
Andrés Muñoz,6,2,munozan01
Roddery Muñoz,6,2,munozro01
Héctor Neris,6,2,nerishe01
Aaron Nola,6,2,nolaaa01
Dedniel Núñez,6,2,nunezde01
Steven Okert,6,2,okertst01
Luis Ortiz,6,2,ortizlu03
Emilio Pagán,6,2,paganem01
Joel Payamps,6,2,payamjo01
Walter Pennington,6,2,penniwa01
Zach Penrod,6,2,penroza01
Sammy Peralta,6,2,peralsa01
Evan Phillips,6,2,phillev01
Ryan Pressly,6,2,pressry01
Tanner Rainey,6,2,raineta01
Emmanuel Ramírez,6,2,ramirem01
Robbie Ray,6,2,rayro02
Lyon Richardson,6,2,richaly01
Trevor Richards,6,2,richatr01
Emmanuel Rivera,6,2,riverem01
Carlos Rodón,6,2,rodonca01
Yerry Rodríguez,6,2,rodriye01
Eduardo Rodríguez,6,2,rodried05
Landen Roupp,6,2,rouppla01
River Ryan,6,2,ryanri01
Ryder Ryan,6,2,ryanry01
Joe Ryan,6,2,ryanjo04
Eduardo Salazar,6,2,salazed01
Dennis Santana,6,2,santade01
Gregory Santos,6,2,santogr01
John Schreiber,6,2,schrejo01
Colin Selby,6,2,selbyco01
Luis Severino,6,2,severlu01
Lucas Sims,6,2,simslu01
Drew Smith,6,2,smithdr01
Pavin Smith,6,2,smithpa04
Drew Smyly,6,2,smylydr01
George Soriano,6,2,soriage01
Justin Steele,6,2,steelju01
Jackson Stephens,6,2,stephja01
Matt Strahm,6,2,strahma01
Chris Stratton,6,2,stratch01
Peter Strzelecki,6,2,strzepe01
Robert Suarez,6,2,suarero01
Dillon Tate,6,2,tatedi01
Julio Teheran,6,2,teherju01
Zack Thompson,6,2,thompza02
José Ureña,6,2,urenajo01
Austin Voth,6,2,vothau01
Hurston Waldrep,6,2,waldrhu01
Matt Waldron,6,2,waldrma01
Ryan Walker,6,2,walkery01
Will Warren,6,2,warrewi01
Luke Weaver,6,2,weavelu01
Jacob Webb,6,2,webbja01
Greg Weissert,6,2,weissgr01
Devin Williams,6,2,willide03
Justin Wilson,6,2,wilsoju10
Bryse Wilson,6,2,wilsobr02
Allan Winans,6,2,winanal01
Cole Winn,6,2,winnco01
Patrick Wisdom,6,2,wisdopa01
Bryan Woo,6,2,woobr01
Bryan Abreu,6,1,abreubr01
Sam Aldegheri,6,1,aldegsa01
Kolby Allard,6,1,allarko01
Adbert Alzolay,6,1,alzolad01
Chase Anderson,6,1,anderch01
Aaron Ashby,6,1,ashbyaa01
Javier Assad,6,1,assadja01
Tanner Banks,6,1,banksta01
Brayan Bello,6,1,bellobr01
Hunter Bigge,6,1,biggehu01
Ty Blach,6,1,blachty01
Paul Blackburn,6,1,blackpa01
John Brebbia,6,1,brebbjo01
Mike Burrows,6,1,burromi01
Alan Busenitz,6,1,busenal01
José Buttó,6,1,buttojo01
Willi Castro,6,1,castrwi01
Jesse Chavez,6,1,chaveje01
Garrett Cleavinger,6,1,cleavga01
Kody Clemens,6,1,clemeko01
Roansy Contreras,6,1,contrro01
Luis Contreras,6,1,contrlu01
Kutter Crawford,6,1,crawfku01
Brandon Crawford,6,1,crawfbr01
Nabil Crismatt,6,1,crismna01
Davis Daniel,6,1,danieda01
Randy Dobnak,6,1,dobnara01
Seranthony Domínguez,6,1,dominse01
Jeremiah Estrada,6,1,estraje01
Calvin Faucher,6,1,fauchca01
Jose A. Ferrer,6,1,ferrejo01
Matt Festa,6,1,festama01
Tyler Fitzgerald,6,1,fitzgty01
Yimi García,6,1,garciyi01
Lucas Gilbreath,6,1,gilbrlu01
Marco Gonzales,6,1,gonzama02
Brusdar Graterol,6,1,gratebr01
Josiah Gray,6,1,grayjo03
Vladimir Gutierrez,6,1,gutievl01
Ian Hamilton,6,1,hamilia01
Austin Hedges,6,1,hedgeau01
Elieser Hernández,6,1,hernael01
Nick Hernandez,6,1,hernani01
Aaron Hicks,6,1,hicksaa01
Jay Jackson,6,1,jacksja01
Cristian Javier,6,1,javiecr01
Tyler Jay,6,1,jayty01
Dany Jiménez,6,1,jimenda01
Seth Johnson,6,1,johnsse01
Jared Jones,6,1,jonesja09
Tommy Kahnle,6,1,kahnlto01
Joe Kelly,6,1,kellyjo05
Grae Kessinger,6,1,kessigr01
Bryan King,6,1,kingbr02
Andrew Kittredge,6,1,kittran01
Max Lazar,6,1,lazarma01
Jack Leiter,6,1,leiteja01
Sam Long,6,1,longsa01
Reynaldo López,6,1,lopezre01
Kenta Maeda,6,1,maedake01
Germán Márquez,6,1,marquge01
Nick Martinez,6,1,martini01
Darren McCaughan,6,1,mccauda01
Luis Medina,6,1,medinlu02
Wade Miley,6,1,mileywa01
Anthony Misiewicz,6,1,misiean01
Anthony Molina,6,1,molinan01
Keider Montero,6,1,monteke01
Tobias Myers,6,1,myersto01
Kyle Nelson,6,1,nelsoky01
Nick Nelson,6,1,nelsoni01
Vinny Nittoli,6,1,nittovi01
Reese Olson,6,1,olsonre01
Jhonny Pereda,6,1,peredjh01
Cody Poteet,6,1,poteeco01
Nick Pratto,6,1,prattni01
Jose Quintana,6,1,quintjo01
Drew Rasmussen,6,1,rasmudr01
Joely Rodríguez,6,1,rodrijo06
Josh Rojas,6,1,rojasjo01
Kenny Rosenberg,6,1,rosenke01
José Ruiz,6,1,ruizjo01
Cristopher Sánchez,6,1,sanchcr01
Clarke Schmidt,6,1,schmicl01
Spencer Schwellenbach,6,1,schwesp01
Kodai Senga,6,1,sengako01
Antonio Senzatela,6,1,senzaan01
Bryan Shaw,6,1,shawbr01
Kirby Snead,6,1,sneadki01
Gregory Soto,6,1,sotogr01
Mitch Spence,6,1,spencmi01
Justin Sterner,6,1,sternju01
Gavin Stone,6,1,stonega01
Ross Stripling,6,1,stripro01
Ranger Suárez,6,1,suarera01
Cole Sulser,6,1,sulseco01
Keegan Thompson,6,1,thompke02
Naoyuki Uwasawa,6,1,uwasana01
Gus Varland,6,1,varlagu01
Louie Varland,6,1,varlalo01
Alex Vesia,6,1,vesiaal01
Darius Vines,6,1,vinesda01
Ryan Weathers,6,1,weathry01
Logan Webb,6,1,webblo01
Luke Williams,6,1,willilu01
Weston Wilson,6,1,wilsowe01
Justin Wrobleski,6,1,wroblju01
Yosver Zulueta,6,1,zulueyo01
Andrew Abbott,6,0,abbotan01
Ty Adcock,6,0,adcocty01
Keegan Akin,6,0,akinke01
Logan Allen,6,0,allenlo02
Grant Anderson,6,0,andergr01
Eduard Bazardo,6,0,bazared01
David Bednar,6,0,bednada01
José Berríos,6,0,berrijo01
Matt Bowman,6,0,bowmama01
Ryan Brasier,6,0,brasiry01
JB Bukauskas,6,0,bukaujb01
Ernie Clement,6,0,clemeer01
Xzavion Curry,6,0,curryxz01
Yilber Díaz,6,0,diazyi01
Jhonathan Díaz,6,0,diazjh01
Miguel Díaz,6,0,diazmi02
Daniel Duarte,6,0,duartda01
Shawn Dubin,6,0,dubinsh01
Parker Dunshee,6,0,dunshpa01
Kyle Farmer,6,0,farmeky01
Ryan Fernandez,6,0,fernary01
Matt Foster,6,0,fostema01
J.P. France,6,0,francjp01
Carson Fulmer,6,0,fulmeca01
Gerson Garabito,6,0,garabge01
Robert Gasser,6,0,gassero01
Victor González,6,0,gonzavi02
Anthony Gose,6,0,gosean01
Luis Guerrero,6,0,guerrlu01
Grant Holmes,6,0,holmegr01
Daulton Jefferies,6,0,jeffeda01
Yusei Kikuchi,6,0,kikucyu01
Craig Kimbrel,6,0,kimbrcr01
Austin Kitchen,6,0,kitchau01
Andrew Knizner,6,0,kniznan01
José Leclerc,6,0,leclejo01
Mark Leiter Jr.,6,0,leitema02
Nick Loftin,6,0,loftini01
Zach Logue,6,0,logueza01
Richard Lovelady,6,0,lovelri01
Jesús Luzardo,6,0,luzarje01
Zach McKinstry,6,0,mckinza01
Max Meyer,6,0,meyerma01
Ryan Miller,6,0,millery01
A.J. Minter,6,0,minteaj01
Rafael Montero,6,0,montera01
Parker Mushinski,6,0,mushipa01
Andre Pallante,6,0,pallaan01
Freddy Peralta,6,0,peralfr01
Wandy Peralta,6,0,peralwa01
Cionel Pérez,6,0,perezci01
Martín Pérez,6,0,perezma02
Ricardo Pinto,6,0,pintori01
Erasmo Ramírez,6,0,ramirer02
Yariel Rodríguez,6,0,rodriya01
Randy Rodríguez,6,0,rodrira02
Carlos Rodríguez,6,0,rodrica02
Miguel Rojas,6,0,rojasmi02
Sixto Sánchez,6,0,sanchsi01
Tanner Scott,6,0,scottta01
Chase Silseth,6,0,silsech01
Dominic Smith,6,0,smithdo02
Spencer Strider,6,0,stridsp01
Troy Taylor,6,0,taylotr01
Caleb Thielbar,6,0,thielca01
Trent Thornton,6,0,thorntr01
Kyle Tyler,6,0,tylerky01
Edwin Uceta,6,0,ucetaed01
Ildemaro Vargas,6,0,vargail01
Randy Vásquez,6,0,vasqura02
Will Vest,6,0,vestwi01
Victor Vodnik,6,0,vodnivi01
Austin Warren,6,0,warreau01
Ángel Zerpa,6,0,zerpaan01
Dan Altavilla,5,11,altavda01
Pedro Avila,5,11,avilape01
Tucker Barnhart,5,11,barnhtu01
Jake Bauers,5,11,bauerja01
Jalen Beeks,5,11,beeksja02
Prelander Berroa,5,11,berropr01
David Bote,5,11,boteda01
Oswaldo Cabrera,5,11,cabreos01
Humberto Castellanos,5,11,castehu01
Nestor Cortes,5,11,cortene01
Johnny Cueto,5,11,cuetojo01
Connor Gillispie,5,11,gillico01
Sean Guenther,5,11,guentse01
Garrett Hampson,5,11,hampsga01
Kiké Hernández,5,11,hernaen02
Isiah Kiner-Falefa,5,11,kineris01
Jonathan Loáisiga,5,11,loaisjo01
Scott McGough,5,11,mcgousc01
Owen Miller,5,11,milleow01
Adrián Morejón,5,11,morejad01
Daniel Palencia,5,11,palenda01
Enoli Paredes,5,11,pareden01
Luis Peralta,5,11,perallu01
José Quijada,5,11,quijajo01
Gerardo Reyes,5,11,reyesge01
David Robertson,5,11,roberda08
Manuel Rodríguez,5,11,rodrima01
JoJo Romero,5,11,romerjo01
Nick Sandlin,5,11,sandlni01
JP Sears,5,11,searsjp01
Gabe Speier,5,11,speiega01
Luis Torrens,5,11,torrelu01
Framber Valdez,5,11,valdefr01
Tyler Zuber,5,11,zuberty01
Valente Bellozo,5,10,bellova01
Vidal Bruján,5,10,brujavi01
Danny Coulombe,5,10,couloda01
Paolo Espino,5,10,espinpa01
Sonny Gray,5,10,grayso01
Luis Guillorme,5,10,guilllu01
Tyler Heineman,5,10,heinety01
Ronny Henriquez,5,10,henriro01
Kevin Herget,5,10,hergeke01
Daysbel Hernández,5,10,hernada03
Shota Imanaga,5,10,imanash01
Dominic Leone,5,10,leonedo01
Danny Mendick,5,10,mendida01
Eli Morgan,5,10,morgael01
Austin Pruitt,5,10,pruitau01
Ethan Roberts,5,10,roberet01
Chase Shugart,5,10,shugach01
Garrett Stubbs,5,10,stubbga01
José Suarez,5,10,suarejo01
Jose Trevino,5,10,trevijo01
Yoshinobu Yamamoto,5,10,yamamyo01
Mike Yastrzemski,5,10,yastrmi01
Kirby Yates,5,10,yateski01
Deivi García,5,9,garcide01
Zac Kristofak,5,9,kristza01
Sam Moll,5,9,mollsa01
Ben Rortvedt,5,9,rortvbe01
Michael Stefanic,5,9,stefami01
Donovan Walton,5,9,waltodo01
Eddy Alvarez,5,8,alvared01
Yuki Matsui,5,8,matsuyu01
Pablo Reyes,5,8,reyespa01
Leo Rivas,5,8,rivasle01
Marcus Stroman,5,7,stromma01
Clayton Andrews,5,6,andrecl02